t,close,sma_fast,sma_slow,signal,position,rets,strategy,symbol
0,100.30518181416971,,,0,0.0,0.0,0.0,BTC-USD
1,99.26742944870345,,,0,0.0,-0.0103459496976821,-0.0,BTC-USD
2,100.01518532217372,,,0,0.0,0.007532741379756125,0.0,BTC-USD
3,100.96033075078243,,,0,0.0,0.009450019270215382,0.0,BTC-USD
4,99.0096502798962,,,0,0.0,-0.019321256738960457,-0.0,BTC-USD
5,97.72872497771323,,,0,0.0,-0.012937378311728809,-0.0,BTC-USD
6,97.85374166762878,,,0,0.0,0.001279221538437847,0.0,BTC-USD
7,97.54477525746246,,,0,0.0,-0.0031574307216146735,-0.0,BTC-USD
8,97.52838798279872,,,0,0.0,-0.00016799746188855824,-0.0,BTC-USD
9,96.69996641496014,98.69133739162888,,0,0.0,-0.008494158316086242,-0.0,BTC-USD
10,97.55409404743358,98.41622861495527,,0,0.0,0.008832760383888694,0.0,BTC-USD
11,98.31582040659661,98.32106771074459,,0,0.0,0.007808245943964787,0.0,BTC-USD
12,98.38076046645186,98.1576252251724,,0,0.0,0.0006605250262539109,0.0,BTC-USD
13,99.49602297803419,98.01119444789757,,0,0.0,0.011336185106666674,0.0,BTC-USD
14,99.96226519438368,98.10645593934632,,0,0.0,0.0046860387218936594,0.0,BTC-USD
15,99.10697696025666,98.24428113760067,,0,0.0,-0.00855611097311415,-0.0,BTC-USD
16,99.47310935804167,98.40621790664196,,0,0.0,0.003694315062519049,0.0,BTC-USD
17,98.52383749470503,98.50412413036621,,0,0.0,-0.009542999806307906,-0.0,BTC-USD
18,99.39313301649615,98.69059863373596,,0,0.0,0.008823199987899821,0.0,BTC-USD
19,99.34352247466785,98.95495423970672,,0,0.0,-0.0004991345007714365,-0.0,BTC-USD
20,99.16004333518093,99.11554916848146,,0,0.0,-0.0018469159832107396,-0.0,BTC-USD
21,98.48712694717851,99.13267982253964,,0,0.0,-0.0067861647228998345,-0.0,BTC-USD
22,99.69856285126912,99.26446006102137,,0,0.0,0.012300449222570231,0.0,BTC-USD
23,99.5446181540708,99.26931957862504,,0,0.0,-0.0015441014674200115,-0.0,BTC-USD
24,99.11915270298356,99.18500832948503,,0,0.0,-0.00427411806863065,-0.0,BTC-USD
25,98.7707347196904,99.1513841054284,,0,0.0,-0.0035151428739228496,-0.0,BTC-USD
26,99.2979022490456,99.13386339452879,,0,0.0,0.005337284681047549,0.0,BTC-USD
27,99.6614444058795,99.24762408564625,,0,0.0,0.003661126253423852,0.0,BTC-USD
28,100.07362971459975,99.3156737554566,,0,0.0,0.004135855256538257,0.0,BTC-USD
29,100.50569798201461,99.43189130619128,99.02606097917563,1,0.0,0.004317503708490156,0.0,BTC-USD
30,102.6813905262256,99.78402602529574,99.10526793624416,1,1.0,0.021647454700531865,0.021647454700531865,BTC-USD
31,102.26492479896253,100.16180581047415,99.20518444791946,1,1.0,-0.00405590268235323,-0.00405590268235323,BTC-USD
32,101.74241954738163,100.3661914800854,99.26275892209307,1,1.0,-0.005109330032834425,-0.005109330032834425,BTC-USD
33,100.91782718846306,100.50351238352462,99.26134213668243,1,1.0,-0.00810470561430432,-0.00810470561430432,BTC-USD
34,101.54137874065947,100.74573498729221,99.34573308537452,1,1.0,0.006178804771846069,0.006178804771846069,BTC-USD
35,102.69424831616445,101.13808634693962,99.51125052998957,1,1.0,0.011353692354812761,0.011353692354812761,BTC-USD
36,102.57729747495962,101.46602586953102,99.66870239023392,1,1.0,-0.0011388256219060366,-0.0011388256219060366,BTC-USD
37,101.71909782439361,101.67179121138243,99.80784647579829,1,1.0,-0.008366370256298716,-0.008366370256298716,BTC-USD
38,100.88389076395241,101.75281731631769,99.91969656850343,1,1.0,-0.008210916910441846,-0.008210916910441846,BTC-USD
39,101.5423737802081,101.85648489613705,100.08111014734502,1,1.0,0.006527137397945859,0.006527137397945859,BTC-USD
40,102.29990340681529,101.81833618419601,100.23930379265774,1,1.0,0.007460231609779822,0.007460231609779822,BTC-USD
41,102.85706144271171,101.87754984857094,100.39067849386157,1,1.0,0.005446320253898795,0.005446320253898795,BTC-USD
42,102.17481045554327,101.92078893938711,100.51714682683128,1,1.0,-0.006633000958796043,-0.006633000958796043,BTC-USD
43,102.41229641594309,102.07023586213509,100.61435594142826,1,1.0,0.0023243102614136646,0.0023243102614136646,BTC-USD
44,102.53186677993216,102.16928466606237,100.70000932761319,1,1.0,0.0011675391351779751,0.0011675391351779751,BTC-USD
45,102.75633763721676,102.1754935981676,100.82165468351188,1,1.0,0.002189278946480133,0.002189278946480133,BTC-USD
46,103.65569888957695,102.28333373962934,100.96107433456307,1,1.0,0.008752367718041887,0.008752367718041887,BTC-USD
47,103.88772772475005,102.50019672966498,101.13987067556454,1,1.0,0.0022384571003690734,0.0022384571003690734,BTC-USD
48,104.59543524147567,102.87135117741732,101.31328074973054,1,1.0,0.006812234055216582,0.006812234055216582,BTC-USD
49,104.66614375272569,103.18372817466907,101.49070145899913,1,1.0,0.0006760190928674081,0.0006760190928674081,BTC-USD
50,104.96919175235449,103.45065700922298,101.68433973957158,1,1.0,0.002895377519064324,0.002895377519064324,BTC-USD
51,105.63394595046273,103.72834545999808,101.92256703968106,1,1.0,0.006332850496520326,0.006332850496520326,BTC-USD
52,104.10585512970331,103.9214499274141,102.06947678229552,1,1.0,-0.01446590683525184,-0.01446590683525184,BTC-USD
53,103.77359003719289,104.05757928953908,102.21044251173294,1,1.0,-0.003191608119413325,-0.003191608119413325,BTC-USD
54,103.28661364703026,104.13305397624887,102.34935787653448,1,1.0,-0.004692681345880856,-0.004692681345880856,BTC-USD
55,102.6288417689759,104.12030438942479,102.477961444844,1,1.0,-0.0063684136291100035,-0.0063684136291100035,BTC-USD
56,102.3468545741774,103.98941995788485,102.57959318901506,1,1.0,-0.002747640818487218,-0.002747640818487218,BTC-USD
57,103.88837367815538,103.98948455322538,102.72049083142426,1,1.0,0.015061714503993295,0.015061714503993295,BTC-USD
58,102.99275866506785,103.8292168955846,102.8177951297732,1,1.0,-0.00862093592746116,-0.00862093592746116,BTC-USD
59,103.9948589848398,103.762088418796,102.93410049653404,1,1.0,0.00972981336513934,0.00972981336513934,BTC-USD
60,102.25940461470957,103.4911097050315,102.92003429948349,1,1.0,-0.016687886180827616,-0.016687886180827616,BTC-USD
61,101.91752594665064,103.1194677046503,102.90845433773978,1,1.0,-0.0033432491549021393,-0.0033432491549021393,BTC-USD
62,102.08353489969323,102.9172356816493,102.91982484948349,0,1.0,0.0016288557978683116,0.0016288557978683116,BTC-USD
63,102.68372889469359,102.80824956739937,102.97868823969117,0,0.0,0.005879439770479111,0.0,BTC-USD
64,103.41664612929759,102.8212528156261,103.04119715264578,0,0.0,0.007137618028613346,0.0,BTC-USD
65,104.24036237675234,102.98240487640373,103.09273428799871,0,0.0,0.007965025731204722,0.0,BTC-USD
66,103.87748319083884,103.13546773806988,103.13607381186135,0,0.0,-0.0034811773255541967,-0.0,BTC-USD
67,103.39831236617935,103.08646160687229,103.19204762992086,0,0.0,-0.004612845921374342,-0.0,BTC-USD
68,104.28926154705927,103.21611189507144,103.30555998935777,0,0.0,0.008616670431957019,0.0,BTC-USD
69,104.0899423932014,103.22562023590758,103.39047894312422,0,0.0,-0.0019112145478941134,-0.0,BTC-USD
70,102.77051500480863,103.27673127491748,103.40616599639067,0,0.0,-0.012675839356396268,-0.0,BTC-USD
71,101.6124046518056,103.246219145433,103.36467743669378,0,0.0,-0.011268897046481041,-0.0,BTC-USD
72,100.68240905899393,103.10610656136305,103.31493072347548,0,0.0,-0.009152382487143007,-0.0,BTC-USD
73,101.18420881512687,102.95615455340638,103.27399447011494,0,0.0,0.004983986386727368,0.0,BTC-USD
74,101.32842384459914,102.74733232493654,103.23387970560384,0,0.0,0.0014252720969116783,0.0,BTC-USD
75,102.03050285771727,102.52634637303304,103.20968521295386,0,0.0,0.006928747003850155,0.0,BTC-USD
76,101.59550476633754,102.2981485305829,103.14101207551253,0,0.0,-0.004263412207095918,-0.0,BTC-USD
77,101.75670171254838,102.1339874652198,103.06997787510583,0,0.0,0.0015866543168576719,0.0,BTC-USD
78,102.39527721455548,101.94458903196941,102.99663927420848,0,0.0,0.006275512976147812,0.0,BTC-USD
79,102.07901040008902,101.74349583265817,102.91040149578726,0,0.0,-0.003088685563141458,-0.0,BTC-USD
80,102.54634857230434,101.72107918940776,102.82964005645225,0,0.0,0.004578200458484449,0.0,BTC-USD
81,101.86980925430088,101.74681964965728,102.70416883324687,0,0.0,-0.006597400369906303,-0.0,BTC-USD
82,101.50063754485883,101.82864249824378,102.61732824708538,0,0.0,-0.0036239560292143924,-0.0,BTC-USD
83,101.11390976157655,101.82161259288874,102.52867223789816,0,0.0,-0.003810102011540195,-0.0,BTC-USD
84,99.91195061706685,101.67996527013551,102.41618347023271,0,0.0,-0.011887178997863734,-0.0,BTC-USD
85,100.39968091390617,101.51688307575441,102.34187810839707,0,0.0,0.0048816011881165355,0.0,BTC-USD
86,99.92950682952979,101.35028328207362,102.26129985024214,0,0.0,-0.004683023691873678,-0.0,BTC-USD
87,99.94199292075434,101.16881240289423,102.12975382499545,0,0.0,0.00012494899275194982,0.0,BTC-USD
88,100.42361748196016,100.9716464296347,102.0441157855585,0,0.0,0.004819040996988155,0.0,BTC-USD
89,100.8730429076757,100.85104968039336,101.94005524965304,0,0.0,0.004475296120419747,0.0,BTC-USD
90,101.54647508826416,100.75106233198935,101.91629093210487,0,0.0,0.006676037137145041,0.0,BTC-USD
91,101.44651578105477,100.70873298466473,101.90059059325166,0,0.0,-0.0009843700347303974,-0.0,BTC-USD
92,101.0180019778215,100.66046942796099,101.86507282918929,0,0.0,-0.004224036675227971,-0.0,BTC-USD
93,100.9375043238592,100.64282888418926,101.8068653434948,0,0.0,-0.0007968644438243189,-0.0,BTC-USD
94,99.24863952477313,100.57649777495989,101.66793179001066,0,0.0,-0.01673178676646625,-0.0,BTC-USD
95,97.82274213639636,100.31880389720892,101.45401111533211,0,0.0,-0.014366921251558917,-0.0,BTC-USD
96,96.53736071301833,99.97958928555776,101.20934036607143,0,0.0,-0.013139903823037313,-0.0,BTC-USD
97,95.57942935475084,99.54333292895741,100.94871093235716,0,0.0,-0.009922908096847372,-0.0,BTC-USD
98,95.96229607067424,99.09720078782883,100.67114541647764,0,0.0,0.0040057438981180304,0.0,BTC-USD
99,95.09729966935792,98.51962646399704,100.3713906590162,0,0.0,-0.009013919390583047,-0.0,BTC-USD
100,94.73835641435741,97.83881459660637,100.10365203933449,0,0.0,-0.0037744841993254674,-0.0,BTC-USD
101,95.97725458046929,97.29188847654783,99.91581370362329,0,0.0,0.013077049391624573,0.0,BTC-USD
102,95.63593057024006,96.75368133578968,99.74759775399816,0,0.0,-0.0035563010394619177,-0.0,BTC-USD
103,96.34386781203558,96.29431768460731,99.5862530538951,0,0.0,0.007402419128191395,0.0,BTC-USD
104,95.4485702598035,95.91431075811036,99.39025793440193,0,0.0,-0.009292730015560302,-0.0,BTC-USD
105,95.2526843285729,95.657304977328,99.16433065009711,0,0.0,-0.0020522667934932404,-0.0,BTC-USD
106,94.35204771662333,95.4387736776885,98.9228820817733,0,0.0,-0.009455236020885605,-0.0,BTC-USD
107,94.03270471216626,95.28410121343005,98.66541551509388,0,0.0,-0.0033845900771140025,-0.0,BTC-USD
108,94.82619840862353,95.17049144722498,98.4131128882295,0,0.0,0.008438486363719244,0.0,BTC-USD
109,93.20231135883407,94.9809926161726,98.11722292018767,0,0.0,-0.017124877692468843,-0.0,BTC-USD
110,93.60808498583589,94.86796547332044,97.81928080063872,0,0.0,0.004353686309769511,0.0,BTC-USD
111,93.83088946836037,94.65332896210955,97.55131680777404,0,0.0,0.002380184174884059,0.0,BTC-USD
112,93.27504618663059,94.4172405237486,97.27713042916642,0,0.0,-0.0059238837538379,-0.0,BTC-USD
113,91.93594051122807,93.97644779366784,96.97119812082148,0,0.0,-0.014356526532542824,-0.0,BTC-USD
114,92.00227737388109,93.63181850507561,96.70754234604861,0,0.0,0.000721555272988228,0.0,BTC-USD
115,91.51641944929305,93.25819201714764,96.41143363056152,0,0.0,-0.00528093367312632,-0.0,BTC-USD
116,91.72960430588016,92.99594767607331,96.13810354643985,0,0.0,0.002329471125181337,0.0,BTC-USD
117,91.74965138277959,92.76764234313464,95.86502549517402,0,0.0,0.00021854533278675703,0.0,BTC-USD
118,93.2311111114441,92.6081336134167,95.6252752828235,0,0.0,0.01614676139186466,0.0,BTC-USD
119,93.00822405321367,92.58872488285465,95.36311465434143,0,0.0,-0.002390694003035043,-0.0,BTC-USD
120,92.06114215940812,92.43403060021188,95.04693689004623,0,0.0,-0.01018277580769289,-0.0,BTC-USD
121,92.22633338612935,92.27357499198878,94.73959747688204,0,0.0,0.0017943642979705299,0.0,BTC-USD
122,92.42945160607994,92.18901553393371,94.45331246449065,0,0.0,0.0022023885423285705,0.0,BTC-USD
123,93.69431770715991,92.36485325352689,94.21187291060069,0,0.0,0.013684665213320013,0.0,BTC-USD
124,94.48004577639459,92.61263009377824,94.05291978565474,0,0.0,0.008386080271062468,0.0,BTC-USD
125,94.81782006730405,92.94277015557934,93.952755716685,0,0.0,0.003575086020902951,0.0,BTC-USD
126,96.21549312517111,93.39135903750845,93.9420267970901,0,0.0,0.014740615813303437,0.0,BTC-USD
127,95.07849041411103,93.72424294064159,93.92532883240209,0,0.0,-0.011817251818071584,-0.0,BTC-USD
128,94.47216586764091,93.84834841626127,93.87565782563432,0,0.0,-0.006377094796407579,-0.0,BTC-USD
129,93.60085243154782,93.90761125409469,93.82577625104064,1,0.0,-0.009222964542951573,-0.0,BTC-USD
130,93.23669735015163,94.02516677316903,93.77572094890044,1,1.0,-0.0038905103098554328,-0.0038905103098554328,BTC-USD
131,91.96191565845014,93.99872500040111,93.64187631816648,1,1.0,-0.0136725316096733,-0.0136725316096733,BTC-USD
132,92.54787151869193,94.01056699166232,93.5389410164482,1,1.0,0.006371723077388536,0.006371723077388536,BTC-USD
133,92.34243748755908,93.87537896970224,93.40556000563232,1,1.0,-0.002219759652617892,-0.002219759652617892,BTC-USD
134,90.99419840213,93.52679423227578,93.25708094370988,1,1.0,-0.014600427735197319,-0.014600427735197319,BTC-USD
135,90.07475708746453,93.05248793429182,93.08448336900625,0,1.0,-0.010104394904411174,-0.010104394904411174,BTC-USD
136,90.35759706356478,92.46669832813117,92.95133501390431,0,0.0,0.00314005816108498,0.0,BTC-USD
137,91.11809058803061,92.07065834552314,92.85418120976647,0,0.0,0.008416486816607449,0.0,BTC-USD
138,92.95575924446796,91.91901768320585,92.79183323762794,0,0.0,0.02016798908513051,0.0,BTC-USD
139,95.70421080853356,92.12935352090443,92.87522988595126,0,0.0,0.029567308001189563,0.0,BTC-USD
140,96.10164101151967,92.41584788704122,92.95834842014071,0,0.0,0.0041526929654247535,0.0,BTC-USD
141,95.15536822616032,92.73519314381225,93.00249771206738,0,0.0,-0.009846583007317444,-0.0,BTC-USD
142,93.14808586705556,92.79521457864861,92.9982657014149,0,0.0,-0.021094788413134613,-0.0,BTC-USD
143,93.39778806144015,92.9007496360367,93.04699395308862,0,0.0,0.0026807012947209774,0.0,BTC-USD
144,92.64159691900524,93.06548948772424,93.06830460459277,0,0.0,-0.008096456652029738,-0.0,BTC-USD
145,92.2576013490578,93.28377391388356,93.09301066791824,1,0.0,-0.004144958449746494,-0.0,BTC-USD
146,91.69462027660408,93.4174762351875,93.09184453360905,1,1.0,-0.006102273029228944,-0.006102273029228944,BTC-USD
147,91.56561344416183,93.46222852080061,93.08570993565512,1,1.0,-0.0014069182254432544,-0.0014069182254432544,BTC-USD
148,92.54690568018174,93.421343164372,93.06290308794637,1,1.0,0.010716820421001305,0.010716820421001305,BTC-USD
149,92.6923634595501,93.12015842947365,93.05237440149091,1,1.0,0.0015717195329147948,0.0015717195329147948,BTC-USD
150,92.54543764840085,92.76453809316176,93.06851758445735,0,1.0,-0.0015850907848882212,-0.0015850907848882212,BTC-USD
151,91.59193337427978,92.4081946079737,93.04737091739568,0,0.0,-0.010303093251810336,-0.0,BTC-USD
152,90.07083125626278,92.10046914689443,92.96875023906846,0,0.0,-0.016607380824697593,-0.0,BTC-USD
153,89.6338730224753,91.72407764299795,92.83340208291229,0,0.0,-0.004851273466592976,-0.0,BTC-USD
154,89.58567860042304,91.41848581113973,92.67025651037991,0,0.0,-0.0005376809059692844,-0.0,BTC-USD
155,91.18357382520647,91.31108305875459,92.54911496897665,0,0.0,0.017836502996315895,0.0,BTC-USD
156,91.30244019915793,91.27186505100998,92.38534653810956,0,0.0,0.001303594155887433,0.0,BTC-USD
157,92.20412872130512,91.3357165787243,92.2895344816827,0,0.0,0.00987584253148488,0.0,BTC-USD
158,91.74490496096172,91.25551650680231,92.19862578479338,0,0.0,-0.0049805119001932185,-0.0,BTC-USD
159,90.66419497652174,91.05269965849946,92.10073720295918,0,0.0,-0.01177950955314444,-0.0,BTC-USD
160,89.79338854215688,90.77749474787507,91.9859602426927,0,0.0,-0.009604744569676749,-0.0,BTC-USD
161,89.14453914057498,90.53275532450459,91.89204769209685,0,0.0,-0.007226026460481205,-0.0,BTC-USD
162,91.06229065385244,90.63190126426356,91.84252832993553,0,0.0,0.021512832213460564,0.0,BTC-USD
163,90.31738061265389,90.70025202328142,91.77502643410536,0,0.0,-0.008180225160710264,-0.0,BTC-USD
164,91.07786593627795,90.8494707568669,91.77781535191029,0,0.0,0.008420143702855709,0.0,BTC-USD
165,90.25920066910221,90.75703344125648,91.78396347129822,0,0.0,-0.008988630319341273,-0.0,BTC-USD
166,91.10395968848992,90.7371853901897,91.80884222546237,0,0.0,0.009359256597947008,0.0,BTC-USD
167,91.45534115071959,90.66230663313114,91.82008391088534,0,0.0,0.003856928540001414,0.0,BTC-USD
168,91.31219956329868,90.61903609336483,91.7652985881797,0,0.0,-0.00156515284531078,-0.0,BTC-USD
169,91.27498598919857,90.68011519463252,91.61765776086854,0,0.0,-0.0004075421934646162,-0.0,BTC-USD
170,90.67928104167248,90.76870444458407,91.43691242854031,0,0.0,-0.006526486321198455,-0.0,BTC-USD
171,91.08467961986489,90.96271849251306,91.30122280833046,0,0.0,0.004470685845050948,0.0,BTC-USD
172,90.67120071810722,90.92360949893853,91.21865997003218,0,0.0,-0.004539499984885453,-0.0,BTC-USD
173,89.5667114237525,90.8485425800484,91.09095741544257,0,0.0,-0.012181258057765598,-0.0,BTC-USD
174,88.42938738820385,90.58369472524099,90.95055043108253,0,0.0,-0.012698066251062956,-0.0,BTC-USD
175,88.58213760284306,90.41598841861507,90.82803497287539,0,0.0,0.0017273693638590881,0.0,BTC-USD
176,89.99203286218356,90.30479573598444,90.77128205906136,0,0.0,0.015916247874506517,0.0,BTC-USD
177,90.13612780682378,90.17287440159485,90.72363253781677,0,0.0,0.001601196684387407,0.0,BTC-USD
178,90.02925522203165,90.04457996746817,90.63971085587845,0,0.0,-0.0011856797867019209,-0.0,BTC-USD
179,90.28695047149728,89.94577641569802,90.55953042294335,0,0.0,0.002862350119748225,0.0,BTC-USD
180,91.47383310118535,90.02523162164933,90.52381027136948,0,0.0,0.013145671921467317,0.0,BTC-USD
181,91.6747309711477,90.08423675677759,90.5265701912651,0,0.0,0.0021962332084644043,0.0,BTC-USD
182,91.29878749387272,90.14699543435414,90.56750206585208,0,0.0,-0.004100840801957606,-0.0,BTC-USD
183,92.31442324576514,90.4217666165554,90.65685373996175,0,0.0,0.011124307121390675,0.0,BTC-USD
184,92.71107701069062,90.84993557880408,90.76103368697066,1,0.0,0.0042967691394169005,0.0,BTC-USD
185,94.14588228476461,91.40631004699624,90.85977730228927,1,1.0,0.015476093260232027,0.015476093260232027,BTC-USD
186,94.31854810564903,91.83896157134278,90.96031423250564,1,1.0,0.0018340241409831037,0.0018340241409831037,BTC-USD
187,93.17068862659657,92.14241765332005,90.99253289601535,1,1.0,-0.012170029141741034,-0.012170029141741034,BTC-USD
188,91.90464576878965,92.32995670799586,90.99785758960962,1,1.0,-0.013588424390431286,-0.013588424390431286,BTC-USD
189,93.43451904150577,92.6447135649967,91.0902017251091,1,1.0,0.016646310531079234,0.016646310531079234,BTC-USD
190,95.05897771726553,93.00322802660473,91.26572136427937,1,1.0,0.01738606558287259,0.01738606558287259,BTC-USD
191,94.88848167068211,93.32460309655816,91.45718611528294,1,1.0,-0.0017935817392286113,-0.0017935817392286113,BTC-USD
192,94.52557678650548,93.64728202582145,91.57262898637138,1,1.0,-0.0038245409536229458,-0.0038245409536229458,BTC-USD
193,95.91715926653815,94.00755562789875,91.75928827483419,1,1.0,0.014721756029859367,0.014721756029859367,BTC-USD
194,94.86116843173453,94.22256477000315,91.88539835801608,1,1.0,-0.011009404812221346,-0.011009404812221346,BTC-USD
195,94.01620561942468,94.20959710346915,92.01063185636015,1,1.0,-0.00890736247801871,-0.00890736247801871,BTC-USD
196,94.6229867616279,94.24004096906704,92.1279327587981,1,1.0,0.006454005862132517,0.006454005862132517,BTC-USD
197,94.25033534281438,94.34800564068883,92.22109923186791,1,1.0,-0.003938275799223012,-0.003938275799223012,BTC-USD
198,94.2455080898787,94.58209187279772,92.31887618275393,1,1.0,-5.1217355547028554e-05,-5.1217355547028554e-05,BTC-USD
199,94.09159631292493,94.64779959993965,92.41276319354479,1,1.0,-0.0016330940335849142,-0.0016330940335849142,BTC-USD
200,94.40976231621853,94.58287805983494,92.537112569363,1,1.0,0.0033814497336770444,0.0033814497336770444,BTC-USD
201,95.7479579350665,94.66882568627338,92.69255517986971,1,1.0,0.014174335217218115,0.014174335217218115,BTC-USD
202,95.83473042908024,94.79974105053086,92.86467283690214,1,1.0,0.000906259474197757,0.000906259474197757,BTC-USD
203,96.45383863538946,94.85340898741599,93.09424374395671,1,1.0,0.006460165365283377,0.006460165365283377,BTC-USD
204,94.49650188984691,94.81694233322722,93.29648089401148,1,1.0,-0.020292989612799017,-0.020292989612799017,BTC-USD
205,94.45047591671596,94.86036936295635,93.49209217114058,1,1.0,-0.00048706536443654525,-0.00048706536443654525,BTC-USD
206,93.6573893854796,94.76380962534152,93.61427072191711,1,1.0,-0.008396850556218305,-0.008396850556218305,BTC-USD
207,92.52280914285961,94.59105700534604,93.69382676645164,1,1.0,-0.012114156182063018,-0.012114156182063018,BTC-USD
208,91.71387494026351,94.33789369038453,93.74998075705936,1,1.0,-0.008743078707727836,-0.008743078707727836,BTC-USD
209,91.4079487558691,94.06952893467894,93.78734736653843,1,1.0,-0.0033356586949757627,-0.0033356586949757627,BTC-USD
210,92.2490022179621,93.8534529248533,93.81318633709766,1,1.0,0.009201097645668455,0.009201097645668455,BTC-USD
211,91.03349717597922,93.38200684894457,93.7918118772587,0,1.0,-0.01317634893341102,-0.01317634893341102,BTC-USD
212,91.06138636614467,92.90467244265102,93.78389850633444,0,0.0,0.0003063618451517591,0.0,BTC-USD
213,90.62156057800254,92.32144463691232,93.72746975074234,0,0.0,-0.004829992224955282,-0.0,BTC-USD
214,90.32510407564841,91.90430485549248,93.64793731957428,0,0.0,-0.00327136831967223,-0.0,BTC-USD
215,91.23540254182693,91.58279751800357,93.55092132814302,0,0.0,0.010078022887370697,0.0,BTC-USD
216,91.72767764318064,91.38982634377368,93.46455897939408,0,0.0,0.005395658786379931,0.0,BTC-USD
217,92.96268192187607,91.43381362167531,93.45762542257008,0,0.0,0.013463812781781881,0.0,BTC-USD
218,92.81916020187919,91.54434214783689,93.48810923700638,0,0.0,-0.0015438638067423183,-0.0,BTC-USD
219,92.17543469246105,91.62109074149609,93.44613975870489,0,0.0,-0.006935265391521006,-0.0,BTC-USD
220,91.96932264097771,91.59312278379765,93.34315125616196,0,0.0,-0.002236084398961946,-0.0,BTC-USD
221,92.19261592744093,91.7090346589438,93.25328906472058,0,0.0,0.0024279105255009537,0.0,BTC-USD
222,92.3555473300226,91.83845075533159,93.1809547495045,0,0.0,0.0017672934100265714,0.0,BTC-USD
223,91.35946524910194,91.91224122244155,93.02903161558996,0,0.0,-0.010785297794416948,-0.0,BTC-USD
224,91.4421736453821,92.02394817941492,92.91506512271152,0,0.0,0.0009053073598301875,0.0,BTC-USD
225,91.65110892539386,92.0655188177716,92.83622856624385,0,0.0,0.0022848896923866047,0.0,BTC-USD
226,93.98768980339544,92.29152003379309,92.81505200096943,0,0.0,0.02549430012792997,0.0,BTC-USD
227,95.76835054211524,92.57208689581701,92.8656525076128,0,0.0,0.018945680465650483,0.0,BTC-USD
228,94.95468964927454,92.78563984055654,92.88929189292598,0,0.0,-0.008496135604662891,-0.0,BTC-USD
229,94.68219740643652,93.0363161119541,92.90897859604304,1,0.0,-0.0028697081086200837,-0.0,BTC-USD
230,93.30666794849056,93.17005064270538,92.87220878378544,1,1.0,-0.01452785735465456,-0.01452785735465456,BTC-USD
231,92.75712361284941,93.22650141124622,92.7725143063782,1,1.0,-0.005889657703182727,-0.005889657703182727,BTC-USD
232,93.0503321832386,93.29597989656783,92.67970103151681,1,1.0,0.003161035605340423,0.003161035605340423,BTC-USD
233,94.17917540297415,93.57795091195504,92.60387892376964,1,1.0,0.012131533474943446,0.012131533474943446,BTC-USD
234,93.49502729379985,93.78323627679681,92.57049643723475,1,1.0,-0.0072643246901129555,-0.0072643246901129555,BTC-USD
235,92.88542890795004,93.90666827505244,92.5183282036092,1,1.0,-0.006520115598599663,-0.006520115598599663,BTC-USD
236,90.91217186811187,93.59911648152408,92.42682095303029,1,1.0,-0.02124398910612435,-0.02124398910612435,BTC-USD
237,90.76440895938505,93.09872232325105,92.36820761358112,1,1.0,-0.001625336912434383,-0.001625336912434383,BTC-USD
238,89.80521910554138,92.58377526887776,92.30458575242372,1,1.0,-0.010567907231929241,-0.010567907231929241,BTC-USD
239,89.33101129701119,92.04865665793521,92.23535450379512,0,1.0,-0.005280403669778888,-0.005280403669778888,BTC-USD
240,88.55112694321795,91.57310255740795,92.11209199463698,0,0.0,-0.008730275662056974,-0.0,BTC-USD
241,88.46769571752172,91.14415976787518,92.02656527935507,0,0.0,-0.0009421814106299609,-0.0,BTC-USD
242,86.92626071973662,90.53175262152499,91.88872775780813,0,0.0,-0.017423704610855073,-0.0,BTC-USD
243,85.66032179799463,89.67986726102703,91.72335313180788,0,0.0,-0.01456336567638139,-0.0,BTC-USD
244,87.50379816221205,89.08074434786826,91.62930960135999,0,0.0,0.021520773276625604,0.0,BTC-USD
245,86.38447517385809,88.43064897445905,91.4676120224277,0,0.0,-0.012791707467131763,-0.0,BTC-USD
246,85.44219952564926,87.8836517402128,91.25809608517665,0,0.0,-0.010907928146954626,-0.0,BTC-USD
247,87.0262026919003,87.50983111346433,91.06021344417745,0,0.0,0.01853888564485673,0.0,BTC-USD
248,89.59145305035452,87.48845450794563,90.9526232057933,0,0.0,0.02947675848314324,0.0,BTC-USD
249,88.54795406267957,87.41014878451247,90.83170718480059,0,0.0,-0.011647305096039173,-0.0,BTC-USD
250,88.22247679671386,87.37728376986206,90.70681232332512,0,0.0,-0.003675717518389021,-0.0,BTC-USD
251,88.52432075234,87.38294627334389,90.58453581748843,0,0.0,0.0034213951657882102,0.0,BTC-USD
252,90.06794243466565,87.69711444483679,90.50828232097653,0,0.0,0.017437260960681877,0.0,BTC-USD
253,89.18347197711951,88.04942946274929,90.43574921191045,0,0.0,-0.009820036226404594,-0.0,BTC-USD
254,88.96499272824852,88.19554891935293,90.35317651467267,0,0.0,-0.0024497728561974075,-0.0,BTC-USD
255,89.65924589576595,88.52302599154372,90.28678108035173,0,0.0,0.007803666883198446,0.0,BTC-USD
256,90.04990248534888,88.98379628751368,90.1555215030835,0,0.0,0.004357125533233752,0.0,BTC-USD
257,89.71181058526568,89.25235707685022,89.9536368378552,0,0.0,-0.0037544949050689613,-0.0,BTC-USD
258,89.59183587558086,89.25239535937285,89.77487504539873,0,0.0,-0.0013373346151652754,-0.0,BTC-USD
259,88.36847074880114,89.234447027985,89.56441749014422,0,0.0,-0.01365487284442568,-0.0,BTC-USD
260,88.15825069738487,89.22802441805212,89.39280358177403,0,0.0,-0.0023789033535936976,-0.0,BTC-USD
261,87.92372066414065,89.16796440923217,89.23169015015041,0,0.0,-0.002660329933828698,-0.0,BTC-USD
262,88.12809021984698,88.9739791877503,89.06761541803735,0,0.0,0.002324396126126338,0.0,BTC-USD
263,87.64004731918634,88.81963672195698,88.8496444819111,0,0.0,-0.005537881275347711,-0.0,BTC-USD
264,88.05427976872632,88.72856542600476,88.66828623107531,1,0.0,0.004726520149302749,0.0,BTC-USD
265,88.95055006367468,88.65769584279565,88.5371236029328,1,1.0,0.010178611389502157,0.010178611389502157,BTC-USD
266,89.088912805881,88.56159687484885,88.47634830085845,1,1.0,0.0015555018165402945,0.0015555018165402945,BTC-USD
267,89.40284057267523,88.5306998735898,88.43096268796812,1,1.0,0.003523757972872188,0.003523757972872188,BTC-USD
268,89.45037559591029,88.51655384562274,88.4191345709804,1,1.0,0.0005316947753624124,0.0005316947753624124,BTC-USD
269,89.4504510858794,88.62475187933057,88.42311589727602,1,1.0,8.439312702002155e-07,8.439312702002155e-07,BTC-USD
270,88.80733718034061,88.68966052762615,88.43165623851344,1,1.0,-0.007189610535572877,-0.007189610535572877,BTC-USD
271,89.0888525614831,88.8061737173604,88.45236146664548,1,1.0,0.0031699563355989113,0.0031699563355989113,BTC-USD
272,89.00222319347576,88.89358701472327,88.52156021577012,1,1.0,-0.0009723929034505252,-0.0009723929034505252,BTC-USD
273,90.88482378745876,89.21806466155051,88.69571028208559,1,1.0,0.02115228728489793,0.02115228728489793,BTC-USD
274,92.32607286867072,89.64524397154496,88.85645277230088,1,1.0,0.01585797299428604,0.01585797299428604,BTC-USD
275,92.68299798675923,90.01848876385341,89.06640353273092,1,1.0,0.0038659189868957,0.0038659189868957,BTC-USD
276,91.97846510143405,90.30744399340873,89.28427905192375,1,1.0,-0.007601533189785514,-0.007601533189785514,BTC-USD
277,90.96095604034873,90.46325554017606,89.41543749687203,1,1.0,-0.011062470546374215,-0.011062470546374215,BTC-USD
278,92.05090962388707,90.72330894297374,89.49741938265645,1,1.0,0.011982653118276954,0.011982653118276954,BTC-USD
279,92.29309070078713,91.00757290446452,89.62225727059335,1,1.0,0.0026309471344672097,0.0026309471344672097,BTC-USD
280,92.73729544407698,91.40056873083816,89.77275122550547,1,1.0,0.004812979388998384,0.004812979388998384,BTC-USD
281,91.13344454065229,91.60502792875506,89.85972201844922,1,1.0,-0.01729456197471113,-0.01729456197471113,BTC-USD
282,91.98258270545553,91.90306387995305,89.92354336080888,1,1.0,0.009317525186096187,0.009317525186096187,BTC-USD
283,92.40152141932828,92.05473364314,90.03081167554916,1,1.0,0.0045545439315861636,0.0045545439315861636,BTC-USD
284,91.38114235856834,91.96024059212975,90.11134999655982,1,1.0,-0.011042881600718979,-0.011042881600718979,BTC-USD
285,90.95127187246992,91.78706798070083,90.15441752911663,1,1.0,-0.004704148744515191,-0.004704148744515191,BTC-USD
286,91.19144257051154,91.70836572760858,90.19246886528872,1,1.0,0.0026406524405551135,0.0026406524405551135,BTC-USD
287,91.2393003544288,91.73620015901659,90.24338519092748,1,1.0,0.0005248056458835304,0.0005248056458835304,BTC-USD
288,90.97311445726625,91.62842064235451,90.289427810317,1,1.0,-0.002917447811727314,-0.002917447811727314,BTC-USD
289,90.87901665519968,91.48701323779576,90.37311267386363,1,1.0,-0.0010343473742538967,-0.0010343473742538967,BTC-USD
290,90.65031035676861,91.27831472906493,90.4561813291764,1,1.0,-0.0025166018168835125,-0.0025166018168835125,BTC-USD
291,90.78871429689657,91.24384170468936,90.55168111693494,1,1.0,0.001526789479078916,0.001526789479078916,BTC-USD
292,92.13454051847211,91.259037485991,90.68522946022244,1,1.0,0.014823717154694105,0.014823717154694105,BTC-USD
293,89.79985147186007,90.99887049124418,90.75722293197823,1,1.0,-0.025339997719356466,-0.025339997719356466,BTC-USD
294,89.58741196719603,90.81949745210696,90.8083273385939,1,1.0,-0.002365699955869105,-0.002365699955869105,BTC-USD
295,89.74568452156963,90.69893871701693,90.83483182052373,0,1.0,0.001766682962462962,0.001766682962462962,BTC-USD
296,90.01171988386506,90.58096644835229,90.86559205645652,0,0.0,0.002964324844293653,0.0,BTC-USD
297,89.6775749247906,90.42479390538846,90.8747498681937,0,0.0,-0.0037122383563559236,-0.0,BTC-USD
298,88.11594632755772,90.13907709241762,90.83026889258196,0,0.0,-0.017413813860851612,-0.0,BTC-USD
299,88.40543715082613,89.89171914198025,90.79543509474684,0,0.0,0.0032853397748493496,0.0,BTC-USD
